Workbook

Sheet Hướng dẫn
B1: MKT1107 · Bảng chấm thi vấn đáp cuối kỳ theo nhóm
B2: Giảng viên: Đoàn Nguyễn Bảo Quyên · Thang 10 · Rubric chi tiết: tài liệu “MKT1107 · Rubric thi vấn đáp cuối kỳ theo nhóm”.
B4: CÁCH DÙNG
B5: 1. Sheet “Chấm nhóm”: mỗi nhóm một dòng. Nhập mã nhóm (ví dụ N01), đề tài, hướng, rồi chọn điểm từng tiêu chí A1–A5, B1–B4, C1, C2 từ danh sách thả xuống.
B6: 2. Nếu một câu chung được 0 hoặc 0,5 điểm, cột “Được hỏi vớt?” báo “Có”. Hỏi nhóm có nhận câu vớt không, rồi chọn ở cột “Câu vớt”: Không cần / Nhóm từ chối / Đã hỏi.
B7: 3. Nếu “Đã hỏi”: nhập điểm câu vớt (0–2). Điểm câu vớt tự thay cho câu chung không đạt (câu thấp hơn nếu cả hai không đạt), nếu cao hơn.
B8: 4. Sheet “Chấm cá nhân”: mỗi sinh viên một dòng. Chọn mã nhóm, nhập điểm câu cá nhân D (0–1). Điểm cuối, xếp loại tự tính.
B9: 5. Sheet “Tổng hợp”: thống kê điểm và xếp loại của lớp. Sheet “Ví dụ”: 4 ví dụ trong rubric, tính bằng cùng công thức để đối chiếu.
B11: MÀU Ô
B12: Chữ xanh trên nền vàng nhạt = ô nhập. Nền xanh lá nhạt = kết quả tự tính (không sửa). Ô đỏ = cảnh báo cần xem lại.
B14: QUY TẮC TÍNH ĐIỂM (theo rubric)
B15: Điểm nhóm = A (3) + B (2) + C1 + C2 (4), sau khi thay điểm câu vớt nếu có. Điểm sinh viên = Điểm nhóm + D (1). Làm tròn đến 0,25.
... B23: Sinh viên vắng thi, thành viên không đóng góp: xử lý theo quyết định của giảng viên và quy chế trường, ghi ở cột Ghi chú.

Sheet Rubric
A1: Mã | B1: Tiêu chí | C1: Tối đa | D1: Mức điểm cho phép | E1: Mô tả mức cao nhất
A2: A1 | B2: Vấn đề, mục tiêu, câu hỏi nghiên cứu (Bài 1, 4) | C2: 0.5 | D2: 0 · 0,25 · 0,5 | E2: VĐ quản trị/nghiên cứu tách bạch; mục tiêu SMART; câu hỏi khớp mục tiêu; đối tượng, phạm vi rõ
A3: A2 | B3: Cơ sở lý thuyết, tổng quan, trích dẫn (Bài 2, 3) | C3: 0.5 | D3: 0 · 0,25 · 0,5 | E3: Tổng hợp nguồn học thuật có thật → mô hình/khung chủ đề; APA 7 đúng, khớp hai chiều; khai báo và nhật ký AI
A4: A3 | B4: Phương pháp nghiên cứu (Bài 5–8) | C4: 0.75 | D4: 0 · 0,25 · 0,5 · 0,75 | E4: Phương pháp hợp câu hỏi; đúng tên phương pháp chọn mẫu, cỡ mẫu có căn cứ; thang đo có nguồn, đúng cấp; có thử nghiệm; tuân thủ đạo đức
A5: A4 | B5: Kết quả và phân tích (Bài 9) | C5: 0.75 | D5: 0 · 0,25 · 0,5 · 0,75 | E5: Báo cáo số phiếu; kỹ thuật đúng cấp thang đo, trả lời câu hỏi NC; diễn giải đúng (bác bỏ/chưa đủ cơ sở bác bỏ H0; tương quan ≠ nhân quả)
A6: A5 | B6: Kết luận, hàm ý quản trị, hạn chế (Bài 4, 10) | C6: 0.5 | D6: 0 · 0,25 · 0,5 | E6: Trả lời đủ câu hỏi; hàm ý cụ thể bám kết quả; nêu trung thực hạn chế khái quát hóa
A7: B1 | B7: Cấu trúc và thời gian (Bài 10) | C7: 0.5 | D7: 0 · 0,25 · 0,5 | E7: Vấn đề → phương pháp → kết quả → hàm ý; xong trong 3 phút
A8: B2 | B8: Bảng, biểu đồ (Bài 10 mục 10.3) | C8: 0.5 | D8: 0 · 0,25 · 0,5 | E8: Có tên, đơn vị, nguồn; đúng loại biểu đồ; không làm sai lệch cảm nhận
A9: B3 | B9: Rõ ràng, chính xác thuật ngữ | C9: 0.5 | D9: 0 · 0,25 · 0,5 | E9: Nêu rõ phát hiện chính bằng số liệu; dùng đúng thuật ngữ
A10: B4 | B10: Phối hợp nhóm (AM9) | C10: 0.5 | D10: 0 · 0,25 · 0,5 | E10: Các thành viên cùng trình bày/hỗ trợ rõ vai trò
A11: C1 | B11: Câu hỏi chung 1 | C11: 2 | D11: 0 · 0,5 · 1 · 1,5 · 2 | E11: Đúng, đủ ý, giải thích được, liên hệ cụ thể đề tài và số liệu nhóm
A12: C2 | B12: Câu hỏi chung 2 | C12: 2 | D12: 0 · 0,5 · 1 · 1,5 · 2 | E12: Như C1
A13: V | B13: Câu hỏi vớt (nếu có) | C13: 2 | D13: 0 · 0,5 · 1 · 1,5 · 2 | E13: Như C1; thay cho câu chung không đạt; nhóm đã nhận vớt thì điểm cuối tối đa 8
A14: D | B14: Câu hỏi cá nhân | C14: 1 | D14: 0 · 0,25 · 0,5 · 0,75 · 1 | E14: Đúng, đủ, giải thích được và ví dụ từ dự án nhóm
B15: Tổng tối đa | C15: =SUM(C2:C12)+C14

Sheet Chấm nhóm
A1: CHẤM PHẦN NHÓM
A2: Chọn điểm từ danh sách thả xuống. Cột xanh lá tự tính.
A4: Mã nhóm | B4: Đề tài | C4: Hướng | D4: A1 (0,5) | E4: A2 (0,5) | F4: A3 (0,75) | G4: A4 (0,75) | H4: A5 (0,5) | I4: B1 (0,5) | J4: B2 (0,5) | K4: B3 (0,5) | L4: B4 (0,5) | M4: C1 (2) | N4: C2 (2) | O4: Được hỏi vớt? | P4: Câu vớt | Q4: Điểm vớt (2) | R4: Vớt thay cho | S4: A (3) | T4: B (2) | U4: C sau vớt (4) | V4: Điểm nhóm (9) | W4: Nhóm đã nhận vớt | X4: Kiểm tra | Y4: Ghi chú
O5: =IF(COUNT(M5:N5)=0,"",IF(OR(AND(ISNUMBER(M5),M5<=0.5),AND(ISNUMBER(N5),N5<=0.5)),"Có","Không")) | R5: =IF(P5="Đã hỏi",IF(MIN(N(M5),N(N5))<=0.5,IF(N(M5)<=N(N5),"C1","C2"),""),"") | S5: =IF(COUNT(D5:H5)=0,"",SUM(D5:H5)) | T5: =IF(COUNT(I5:L5)=0,"",SUM(I5:L5)) | U5: =IF(COUNT(M5:N5)=0,"",IF(R5="C1",MAX(N(M5),N(Q5)),N(M5))+IF(R5="C2",MAX(N(N5),N(Q5)),N(N5))) | V5: =IF(A5="","",N(S5)+N(T5)+N(U5)) | W5: =IF(A5="","",IF(P5="Đã hỏi","Có","Không")) | X5: =IF(A5="","",IF(COUNT(D5:N5)<11,"Chưa chấm đủ tiêu chí",IF(AND(P5="Đã hỏi",O5<>"Có"),"Nhóm không đủ điều kiện hỏi vớt",IF(AND(P5="Đã hỏi",Q5=""),"Chưa nhập điểm vớt",IF(AND(O5="Có",P5=""),"Chọn trạng thái câu vớt","OK")))))
O6: =IF(COUNT(M6:N6)=0,"",IF(OR(AND(ISNUMBER(M6),M6<=0.5),AND(ISNUMBER(N6),N6<=0.5)),"Có","Không")) | R6: =IF(P6="Đã hỏi",IF(MIN(N(M6),N(N6))<=0.5,IF(N(M6)<=N(N6),"C1","C2"),""),"") | S6: =IF(COUNT(D6:H6)=0,"",SUM(D6:H6)) | T6: =IF(COUNT(I6:L6)=0,"",SUM(I6:L6)) | U6: =IF(COUNT(M6:N6)=0,"",IF(R6="C1",MAX(N(M6),N(Q6)),N(M6))+IF(R6="C2",MAX(N(N6),N(Q6)),N(N6))) | V6: =IF(A6="","",N(S6)+N(T6)+N(U6)) | W6: =IF(A6="","",IF(P6="Đã hỏi","Có","Không")) | X6: =IF(A6="","",IF(COUNT(D6:N6)<11,"Chưa chấm đủ tiêu chí",IF(AND(P6="Đã hỏi",O6<>"Có"),"Nhóm không đủ điều kiện hỏi vớt",IF(AND(P6="Đã hỏi",Q6=""),"Chưa nhập điểm vớt",IF(AND(O6="Có",P6=""),"Chọn trạng thái câu vớt","OK")))))
O7: =IF(COUNT(M7:N7)=0,"",IF(OR(AND(ISNUMBER(M7),M7<=0.5),AND(ISNUMBER(N7),N7<=0.5)),"Có","Không")) | R7: =IF(P7="Đã hỏi",IF(MIN(N(M7),N(N7))<=0.5,IF(N(M7)<=N(N7),"C1","C2"),""),"") | S7: =IF(COUNT(D7:H7)=0,"",SUM(D7:H7)) | T7: =IF(COUNT(I7:L7)=0,"",SUM(I7:L7)) | U7: =IF(COUNT(M7:N7)=0,"",IF(R7="C1",MAX(N(M7),N(Q7)),N(M7))+IF(R7="C2",MAX(N(N7),N(Q7)),N(N7))) | V7: =IF(A7="","",N(S7)+N(T7)+N(U7)) | W7: =IF(A7="","",IF(P7="Đã hỏi","Có","Không")) | X7: =IF(A7="","",IF(COUNT(D7:N7)<11,"Chưa chấm đủ tiêu chí",IF(AND(P7="Đã hỏi",O7<>"Có"),"Nhóm không đủ điều kiện hỏi vớt",IF(AND(P7="Đã hỏi",Q7=""),"Chưa nhập điểm vớt",IF(AND(O7="Có",P7=""),"Chọn trạng thái câu vớt","OK")))))
O8: =IF(COUNT(M8:N8)=0,"",IF(OR(AND(ISNUMBER(M8),M8<=0.5),AND(ISNUMBER(N8),N8<=0.5)),"Có","Không")) | R8: =IF(P8="Đã hỏi",IF(MIN(N(M8),N(N8))<=0.5,IF(N(M8)<=N(N8),"C1","C2"),""),"") | S8: =IF(COUNT(D8:H8)=0,"",SUM(D8:H8)) | T8: =IF(COUNT(I8:L8)=0,"",SUM(I8:L8)) | U8: =IF(COUNT(M8:N8)=0,"",IF(R8="C1",MAX(N(M8),N(Q8)),N(M8))+IF(R8="C2",MAX(N(N8),N(Q8)),N(N8))) | V8: =IF(A8="","",N(S8)+N(T8)+N(U8)) | W8: =IF(A8="","",IF(P8="Đã hỏi","Có","Không")) | X8: =IF(A8="","",IF(COUNT(D8:N8)<11,"Chưa chấm đủ tiêu chí",IF(AND(P8="Đã hỏi",O8<>"Có"),"Nhóm không đủ điều kiện hỏi vớt",IF(AND(P8="Đã hỏi",Q8=""),"Chưa nhập điểm vớt",IF(AND(O8="Có",P8=""),"Chọn trạng thái câu vớt","OK")))))
O9: =IF(COUNT(M9:N9)=0,"",IF(OR(AND(ISNUMBER(M9),M9<=0.5),AND(ISNUMBER(N9),N9<=0.5)),"Có","Không")) | R9: =IF(P9="Đã hỏi",IF(MIN(N(M9),N(N9))<=0.5,IF(N(M9)<=N(N9),"C1","C2"),""),"") | S9: =IF(COUNT(D9:H9)=0,"",SUM(D9:H9)) | T9: =IF(COUNT(I9:L9)=0,"",SUM(I9:L9)) | U9: =IF(COUNT(M9:N9)=0,"",IF(R9="C1",MAX(N(M9),N(Q9)),N(M9))+IF(R9="C2",MAX(N(N9),N(Q9)),N(N9))) | V9: =IF(A9="","",N(S9)+N(T9)+N(U9)) | W9: =IF(A9="","",IF(P9="Đã hỏi","Có","Không")) | X9: =IF(A9="","",IF(COUNT(D9:N9)<11,"Chưa chấm đủ tiêu chí",IF(AND(P9="Đã hỏi",O9<>"Có"),"Nhóm không đủ điều kiện hỏi vớt",IF(AND(P9="Đã hỏi",Q9=""),"Chưa nhập điểm vớt",IF(AND(O9="Có",P9=""),"Chọn trạng thái câu vớt","OK")))))
O10: =IF(COUNT(M10:N10)=0,"",IF(OR(AND(ISNUMBER(M10),M10<=0.5),AND(ISNUMBER(N10),N10<=0.5)),"Có","Không")) | R10: =IF(P10="Đã hỏi",IF(MIN(N(M10),N(N10))<=0.5,IF(N(M10)<=N(N10),"C1","C2"),""),"") | S10: =IF(COUNT(D10:H10)=0,"",SUM(D10:H10)) | T10: =IF(COUNT(I10:L10)=0,"",SUM(I10:L10)) | U10: =IF(COUNT(M10:N10)=0,"",IF(R10="C1",MAX(N(M10),N(Q10)),N(M10))+IF(R10="C2",MAX(N(N10),N(Q10)),N(N10))) | V10: =IF(A10="","",N(S10)+N(T10)+N(U10)) | W10: =IF(A10="","",IF(P10="Đã hỏi","Có","Không")) | X10: =IF(A10="","",IF(COUNT(D10:N10)<11,"Chưa chấm đủ tiêu chí",IF(AND(P10="Đã hỏi",O10<>"Có"),"Nhóm không đủ điều kiện hỏi vớt",IF(AND(P10="Đã hỏi",Q10=""),"Chưa nhập điểm vớt",IF(AND(O10="Có",P10=""),"Chọn trạng thái câu vớt","OK")))))
O11: =IF(COUNT(M11:N11)=0,"",IF(OR(AND(ISNUMBER(M11),M11<=0.5),AND(ISNUMBER(N11),N11<=0.5)),"Có","Không")) | R11: =IF(P11="Đã hỏi",IF(MIN(N(M11),N(N11))<=0.5,IF(N(M11)<=N(N11),"C1","C2"),""),"") | S11: =IF(COUNT(D11:H11)=0,"",SUM(D11:H11)) | T11: =IF(COUNT(I11:L11)=0,"",SUM(I11:L11)) | U11: =IF(COUNT(M11:N11)=0,"",IF(R11="C1",MAX(N(M11),N(Q11)),N(M11))+IF(R11="C2",MAX(N(N11),N(Q11)),N(N11))) | V11: =IF(A11="","",N(S11)+N(T11)+N(U11)) | W11: =IF(A11="","",IF(P11="Đã hỏi","Có","Không")) | X11: =IF(A11="","",IF(COUNT(D11:N11)<11,"Chưa chấm đủ tiêu chí",IF(AND(P11="Đã hỏi",O11<>"Có"),"Nhóm không đủ điều kiện hỏi vớt",IF(AND(P11="Đã hỏi",Q11=""),"Chưa nhập điểm vớt",IF(AND(O11="Có",P11=""),"Chọn trạng thái câu vớt","OK")))))
O12: =IF(COUNT(M12:N12)=0,"",IF(OR(AND(ISNUMBER(M12),M12<=0.5),AND(ISNUMBER(N12),N12<=0.5)),"Có","Không")) | R12: =IF(P12="Đã hỏi",IF(MIN(N(M12),N(N12))<=0.5,IF(N(M12)<=N(N12),"C1","C2"),""),"") | S12: =IF(COUNT(D12:H12)=0,"",SUM(D12:H12)) | T12: =IF(COUNT(I12:L12)=0,"",SUM(I12:L12)) | U12: =IF(COUNT(M12:N12)=0,"",IF(R12="C1",MAX(N(M12),N(Q12)),N(M12))+IF(R12="C2",MAX(N(N12),N(Q12)),N(N12))) | V12: =IF(A12="","",N(S12)+N(T12)+N(U12)) | W12: =IF(A12="","",IF(P12="Đã hỏi","Có","Không")) | X12: =IF(A12="","",IF(COUNT(D12:N12)<11,"Chưa chấm đủ tiêu chí",IF(AND(P12="Đã hỏi",O12<>"Có"),"Nhóm không đủ điều kiện hỏi vớt",IF(AND(P12="Đã hỏi",Q12=""),"Chưa nhập điểm vớt",IF(AND(O12="Có",P12=""),"Chọn trạng thái câu vớt","OK")))))
O13: =IF(COUNT(M13:N13)=0,"",IF(OR(AND(ISNUMBER(M13),M13<=0.5),AND(ISNUMBER(N13),N13<=0.5)),"Có","Không")) | R13: =IF(P13="Đã hỏi",IF(MIN(N(M13),N(N13))<=0.5,IF(N(M13)<=N(N13),"C1","C2"),""),"") | S13: =IF(COUNT(D13:H13)=0,"",SUM(D13:H13)) | T13: =IF(COUNT(I13:L13)=0,"",SUM(I13:L13)) | U13: =IF(COUNT(M13:N13)=0,"",IF(R13="C1",MAX(N(M13),N(Q13)),N(M13))+IF(R13="C2",MAX(N(N13),N(Q13)),N(N13))) | V13: =IF(A13="","",N(S13)+N(T13)+N(U13)) | W13: =IF(A13="","",IF(P13="Đã hỏi","Có","Không")) | X13: =IF(A13="","",IF(COUNT(D13:N13)<11,"Chưa chấm đủ tiêu chí",IF(AND(P13="Đã hỏi",O13<>"Có"),"Nhóm không đủ điều kiện hỏi vớt",IF(AND(P13="Đã hỏi",Q13=""),"Chưa nhập điểm vớt",IF(AND(O13="Có",P13=""),"Chọn trạng thái câu vớt","OK")))))
O14: =IF(COUNT(M14:N14)=0,"",IF(OR(AND(ISNUMBER(M14),M14<=0.5),AND(ISNUMBER(N14),N14<=0.5)),"Có","Không")) | R14: =IF(P14="Đã hỏi",IF(MIN(N(M14),N(N14))<=0.5,IF(N(M14)<=N(N14),"C1","C2"),""),"") | S14: =IF(COUNT(D14:H14)=0,"",SUM(D14:H14)) | T14: =IF(COUNT(I14:L14)=0,"",SUM(I14:L14)) | U14: =IF(COUNT(M14:N14)=0,"",IF(R14="C1",MAX(N(M14),N(Q14)),N(M14))+IF(R14="C2",MAX(N(N14),N(Q14)),N(N14))) | V14: =IF(A14="","",N(S14)+N(T14)+N(U14)) | W14: =IF(A14="","",IF(P14="Đã hỏi","Có","Không")) | X14: =IF(A14="","",IF(COUNT(D14:N14)<11,"Chưa chấm đủ tiêu chí",IF(AND(P14="Đã hỏi",O14<>"Có"),"Nhóm không đủ điều kiện hỏi vớt",IF(AND(P14="Đã hỏi",Q14=""),"Chưa nhập điểm vớt",IF(AND(O14="Có",P14=""),"Chọn trạng thái câu vớt","OK")))))
O15: =IF(COUNT(M15:N15)=0,"",IF(OR(AND(ISNUMBER(M15),M15<=0.5),AND(ISNUMBER(N15),N15<=0.5)),"Có","Không")) | R15: =IF(P15="Đã hỏi",IF(MIN(N(M15),N(N15))<=0.5,IF(N(M15)<=N(N15),"C1","C2"),""),"") | S15: =IF(COUNT(D15:H15)=0,"",SUM(D15:H15)) | T15: =IF(COUNT(I15:L15)=0,"",SUM(I15:L15)) | U15: =IF(COUNT(M15:N15)=0,"",IF(R15="C1",MAX(N(M15),N(Q15)),N(M15))+IF(R15="C2",MAX(N(N15),N(Q15)),N(N15))) | V15: =IF(A15="","",N(S15)+N(T15)+N(U15)) | W15: =IF(A15="","",IF(P15="Đã hỏi","Có","Không")) | X15: =IF(A15="","",IF(COUNT(D15:N15)<11,"Chưa chấm đủ tiêu chí",IF(AND(P15="Đã hỏi",O15<>"Có"),"Nhóm không đủ điều kiện hỏi vớt",IF(AND(P15="Đã hỏi",Q15=""),"Chưa nhập điểm vớt",IF(AND(O15="Có",P15=""),"Chọn trạng thái câu vớt","OK")))))
O16: =IF(COUNT(M16:N16)=0,"",IF(OR(AND(ISNUMBER(M16),M16<=0.5),AND(ISNUMBER(N16),N16<=0.5)),"Có","Không")) | R16: =IF(P16="Đã hỏi",IF(MIN(N(M16),N(N16))<=0.5,IF(N(M16)<=N(N16),"C1","C2"),""),"") | S16: =IF(COUNT(D16:H16)=0,"",SUM(D16:H16)) | T16: =IF(COUNT(I16:L16)=0,"",SUM(I16:L16)) | U16: =IF(COUNT(M16:N16)=0,"",IF(R16="C1",MAX(N(M16),N(Q16)),N(M16))+IF(R16="C2",MAX(N(N16),N(Q16)),N(N16))) | V16: =IF(A16="","",N(S16)+N(T16)+N(U16)) | W16: =IF(A16="","",IF(P16="Đã hỏi","Có","Không")) | X16: =IF(A16="","",IF(COUNT(D16:N16)<11,"Chưa chấm đủ tiêu chí",IF(AND(P16="Đã hỏi",O16<>"Có"),"Nhóm không đủ điều kiện hỏi vớt",IF(AND(P16="Đã hỏi",Q16=""),"Chưa nhập điểm vớt",IF(AND(O16="Có",P16=""),"Chọn trạng thái câu vớt","OK")))))
... O29: =IF(COUNT(M29:N29)=0,"",IF(OR(AND(ISNUMBER(M29),M29<=0.5),AND(ISNUMBER(N29),N29<=0.5)),"Có","Không")) | R29: =IF(P29="Đã hỏi",IF(MIN(N(M29),N(N29))<=0.5,IF(N(M29)<=N(N29),"C1","C2"),""),"") | S29: =IF(COUNT(D29:H29)=0,"",SUM(D29:H29)) | T29: =IF(COUNT(I29:L29)=0,"",SUM(I29:L29)) | U29: =IF(COUNT(M29:N29)=0,"",IF(R29="C1",MAX(N(M29),N(Q29)),N(M29))+IF(R29="C2",MAX(N(N29),N(Q29)),N(N29))) | V29: =IF(A29="","",N(S29)+N(T29)+N(U29)) | W29: =IF(A29="","",IF(P29="Đã hỏi","Có","Không")) | X29: =IF(A29="","",IF(COUNT(D29:N29)<11,"Chưa chấm đủ tiêu chí",IF(AND(P29="Đã hỏi",O29<>"Có"),"Nhóm không đủ điều kiện hỏi vớt",IF(AND(P29="Đã hỏi",Q29=""),"Chưa nhập điểm vớt",IF(AND(O29="Có",P29=""),"Chọn trạng thái câu vớt","OK")))))

Sheet Chấm cá nhân
A1: CHẤM PHẦN CÁ NHÂN VÀ ĐIỂM CUỐI
A2: Chọn mã nhóm (phải có ở sheet “Chấm nhóm”), nhập điểm câu cá nhân D.
A4: Cách áp trần 8 khi nhóm nhận câu vớt: | C4: Điểm cuối
A6: STT | B6: MSSV | C6: Họ và tên | D6: Mã nhóm | E6: Câu cá nhân (mã) | F6: D (1) | G6: Điểm nhóm (9) | H6: Nhóm đã nhận vớt | I6: Điểm trước trần | J6: Điểm cuối (10) | K6: Xếp loại | L6: Kiểm tra | M6: Ghi chú
A7: =IF(B7="","",ROW()-6) | G7: =IF(D7="","",IFERROR(INDEX('Chấm nhóm'!$V$5:$V$29,MATCH(D7,'Chấm nhóm'!$A$5:$A$29,0)),"")) | H7: =IF(D7="","",IFERROR(INDEX('Chấm nhóm'!$W$5:$W$29,MATCH(D7,'Chấm nhóm'!$A$5:$A$29,0)),"")) | I7: =IF(OR(G7="",F7=""),"",G7+F7) | J7: =IF(I7="","",ROUND(IF(H7="Có",IF($C$4="Phần nhóm",MIN(7,G7)+F7,MIN(8,I7)),I7)*4,0)/4) | K7: =IF(J7="","",IF(J7>=9,"Xuất sắc",IF(J7>=8,"Giỏi",IF(J7>=6.5,"Khá",IF(J7>=5,"Trung bình",IF(J7>=3,"Yếu","Kém")))))) | L7: =IF(B7="","",IF(D7="","Chưa chọn nhóm",IF(ISNA(MATCH(D7,'Chấm nhóm'!$A$5:$A$29,0)),"Mã nhóm không có",IF(F7="","Chưa nhập D",IF(COUNTIF($B$7:$B$66,B7)>1,"MSSV bị trùng","OK")))))
A8: =IF(B8="","",ROW()-6) | G8: =IF(D8="","",IFERROR(INDEX('Chấm nhóm'!$V$5:$V$29,MATCH(D8,'Chấm nhóm'!$A$5:$A$29,0)),"")) | H8: =IF(D8="","",IFERROR(INDEX('Chấm nhóm'!$W$5:$W$29,MATCH(D8,'Chấm nhóm'!$A$5:$A$29,0)),"")) | I8: =IF(OR(G8="",F8=""),"",G8+F8) | J8: =IF(I8="","",ROUND(IF(H8="Có",IF($C$4="Phần nhóm",MIN(7,G8)+F8,MIN(8,I8)),I8)*4,0)/4) | K8: =IF(J8="","",IF(J8>=9,"Xuất sắc",IF(J8>=8,"Giỏi",IF(J8>=6.5,"Khá",IF(J8>=5,"Trung bình",IF(J8>=3,"Yếu","Kém")))))) | L8: =IF(B8="","",IF(D8="","Chưa chọn nhóm",IF(ISNA(MATCH(D8,'Chấm nhóm'!$A$5:$A$29,0)),"Mã nhóm không có",IF(F8="","Chưa nhập D",IF(COUNTIF($B$7:$B$66,B8)>1,"MSSV bị trùng","OK")))))
A9: =IF(B9="","",ROW()-6) | G9: =IF(D9="","",IFERROR(INDEX('Chấm nhóm'!$V$5:$V$29,MATCH(D9,'Chấm nhóm'!$A$5:$A$29,0)),"")) | H9: =IF(D9="","",IFERROR(INDEX('Chấm nhóm'!$W$5:$W$29,MATCH(D9,'Chấm nhóm'!$A$5:$A$29,0)),"")) | I9: =IF(OR(G9="",F9=""),"",G9+F9) | J9: =IF(I9="","",ROUND(IF(H9="Có",IF($C$4="Phần nhóm",MIN(7,G9)+F9,MIN(8,I9)),I9)*4,0)/4) | K9: =IF(J9="","",IF(J9>=9,"Xuất sắc",IF(J9>=8,"Giỏi",IF(J9>=6.5,"Khá",IF(J9>=5,"Trung bình",IF(J9>=3,"Yếu","Kém")))))) | L9: =IF(B9="","",IF(D9="","Chưa chọn nhóm",IF(ISNA(MATCH(D9,'Chấm nhóm'!$A$5:$A$29,0)),"Mã nhóm không có",IF(F9="","Chưa nhập D",IF(COUNTIF($B$7:$B$66,B9)>1,"MSSV bị trùng","OK")))))
A10: =IF(B10="","",ROW()-6) | G10: =IF(D10="","",IFERROR(INDEX('Chấm nhóm'!$V$5:$V$29,MATCH(D10,'Chấm nhóm'!$A$5:$A$29,0)),"")) | H10: =IF(D10="","",IFERROR(INDEX('Chấm nhóm'!$W$5:$W$29,MATCH(D10,'Chấm nhóm'!$A$5:$A$29,0)),"")) | I10: =IF(OR(G10="",F10=""),"",G10+F10) | J10: =IF(I10="","",ROUND(IF(H10="Có",IF($C$4="Phần nhóm",MIN(7,G10)+F10,MIN(8,I10)),I10)*4,0)/4) | K10: =IF(J10="","",IF(J10>=9,"Xuất sắc",IF(J10>=8,"Giỏi",IF(J10>=6.5,"Khá",IF(J10>=5,"Trung bình",IF(J10>=3,"Yếu","Kém")))))) | L10: =IF(B10="","",IF(D10="","Chưa chọn nhóm",IF(ISNA(MATCH(D10,'Chấm nhóm'!$A$5:$A$29,0)),"Mã nhóm không có",IF(F10="","Chưa nhập D",IF(COUNTIF($B$7:$B$66,B10)>1,"MSSV bị trùng","OK")))))
A11: =IF(B11="","",ROW()-6) | G11: =IF(D11="","",IFERROR(INDEX('Chấm nhóm'!$V$5:$V$29,MATCH(D11,'Chấm nhóm'!$A$5:$A$29,0)),"")) | H11: =IF(D11="","",IFERROR(INDEX('Chấm nhóm'!$W$5:$W$29,MATCH(D11,'Chấm nhóm'!$A$5:$A$29,0)),"")) | I11: =IF(OR(G11="",F11=""),"",G11+F11) | J11: =IF(I11="","",ROUND(IF(H11="Có",IF($C$4="Phần nhóm",MIN(7,G11)+F11,MIN(8,I11)),I11)*4,0)/4) | K11: =IF(J11="","",IF(J11>=9,"Xuất sắc",IF(J11>=8,"Giỏi",IF(J11>=6.5,"Khá",IF(J11>=5,"Trung bình",IF(J11>=3,"Yếu","Kém")))))) | L11: =IF(B11="","",IF(D11="","Chưa chọn nhóm",IF(ISNA(MATCH(D11,'Chấm nhóm'!$A$5:$A$29,0)),"Mã nhóm không có",IF(F11="","Chưa nhập D",IF(COUNTIF($B$7:$B$66,B11)>1,"MSSV bị trùng","OK")))))
A12: =IF(B12="","",ROW()-6) | G12: =IF(D12="","",IFERROR(INDEX('Chấm nhóm'!$V$5:$V$29,MATCH(D12,'Chấm nhóm'!$A$5:$A$29,0)),"")) | H12: =IF(D12="","",IFERROR(INDEX('Chấm nhóm'!$W$5:$W$29,MATCH(D12,'Chấm nhóm'!$A$5:$A$29,0)),"")) | I12: =IF(OR(G12="",F12=""),"",G12+F12) | J12: =IF(I12="","",ROUND(IF(H12="Có",IF($C$4="Phần nhóm",MIN(7,G12)+F12,MIN(8,I12)),I12)*4,0)/4) | K12: =IF(J12="","",IF(J12>=9,"Xuất sắc",IF(J12>=8,"Giỏi",IF(J12>=6.5,"Khá",IF(J12>=5,"Trung bình",IF(J12>=3,"Yếu","Kém")))))) | L12: =IF(B12="","",IF(D12="","Chưa chọn nhóm",IF(ISNA(MATCH(D12,'Chấm nhóm'!$A$5:$A$29,0)),"Mã nhóm không có",IF(F12="","Chưa nhập D",IF(COUNTIF($B$7:$B$66,B12)>1,"MSSV bị trùng","OK")))))
A13: =IF(B13="","",ROW()-6) | G13: =IF(D13="","",IFERROR(INDEX('Chấm nhóm'!$V$5:$V$29,MATCH(D13,'Chấm nhóm'!$A$5:$A$29,0)),"")) | H13: =IF(D13="","",IFERROR(INDEX('Chấm nhóm'!$W$5:$W$29,MATCH(D13,'Chấm nhóm'!$A$5:$A$29,0)),"")) | I13: =IF(OR(G13="",F13=""),"",G13+F13) | J13: =IF(I13="","",ROUND(IF(H13="Có",IF($C$4="Phần nhóm",MIN(7,G13)+F13,MIN(8,I13)),I13)*4,0)/4) | K13: =IF(J13="","",IF(J13>=9,"Xuất sắc",IF(J13>=8,"Giỏi",IF(J13>=6.5,"Khá",IF(J13>=5,"Trung bình",IF(J13>=3,"Yếu","Kém")))))) | L13: =IF(B13="","",IF(D13="","Chưa chọn nhóm",IF(ISNA(MATCH(D13,'Chấm nhóm'!$A$5:$A$29,0)),"Mã nhóm không có",IF(F13="","Chưa nhập D",IF(COUNTIF($B$7:$B$66,B13)>1,"MSSV bị trùng","OK")))))
A14: =IF(B14="","",ROW()-6) | G14: =IF(D14="","",IFERROR(INDEX('Chấm nhóm'!$V$5:$V$29,MATCH(D14,'Chấm nhóm'!$A$5:$A$29,0)),"")) | H14: =IF(D14="","",IFERROR(INDEX('Chấm nhóm'!$W$5:$W$29,MATCH(D14,'Chấm nhóm'!$A$5:$A$29,0)),"")) | I14: =IF(OR(G14="",F14=""),"",G14+F14) | J14: =IF(I14="","",ROUND(IF(H14="Có",IF($C$4="Phần nhóm",MIN(7,G14)+F14,MIN(8,I14)),I14)*4,0)/4) | K14: =IF(J14="","",IF(J14>=9,"Xuất sắc",IF(J14>=8,"Giỏi",IF(J14>=6.5,"Khá",IF(J14>=5,"Trung bình",IF(J14>=3,"Yếu","Kém")))))) | L14: =IF(B14="","",IF(D14="","Chưa chọn nhóm",IF(ISNA(MATCH(D14,'Chấm nhóm'!$A$5:$A$29,0)),"Mã nhóm không có",IF(F14="","Chưa nhập D",IF(COUNTIF($B$7:$B$66,B14)>1,"MSSV bị trùng","OK")))))
A15: =IF(B15="","",ROW()-6) | G15: =IF(D15="","",IFERROR(INDEX('Chấm nhóm'!$V$5:$V$29,MATCH(D15,'Chấm nhóm'!$A$5:$A$29,0)),"")) | H15: =IF(D15="","",IFERROR(INDEX('Chấm nhóm'!$W$5:$W$29,MATCH(D15,'Chấm nhóm'!$A$5:$A$29,0)),"")) | I15: =IF(OR(G15="",F15=""),"",G15+F15) | J15: =IF(I15="","",ROUND(IF(H15="Có",IF($C$4="Phần nhóm",MIN(7,G15)+F15,MIN(8,I15)),I15)*4,0)/4) | K15: =IF(J15="","",IF(J15>=9,"Xuất sắc",IF(J15>=8,"Giỏi",IF(J15>=6.5,"Khá",IF(J15>=5,"Trung bình",IF(J15>=3,"Yếu","Kém")))))) | L15: =IF(B15="","",IF(D15="","Chưa chọn nhóm",IF(ISNA(MATCH(D15,'Chấm nhóm'!$A$5:$A$29,0)),"Mã nhóm không có",IF(F15="","Chưa nhập D",IF(COUNTIF($B$7:$B$66,B15)>1,"MSSV bị trùng","OK")))))
A16: =IF(B16="","",ROW()-6) | G16: =IF(D16="","",IFERROR(INDEX('Chấm nhóm'!$V$5:$V$29,MATCH(D16,'Chấm nhóm'!$A$5:$A$29,0)),"")) | H16: =IF(D16="","",IFERROR(INDEX('Chấm nhóm'!$W$5:$W$29,MATCH(D16,'Chấm nhóm'!$A$5:$A$29,0)),"")) | I16: =IF(OR(G16="",F16=""),"",G16+F16) | J16: =IF(I16="","",ROUND(IF(H16="Có",IF($C$4="Phần nhóm",MIN(7,G16)+F16,MIN(8,I16)),I16)*4,0)/4) | K16: =IF(J16="","",IF(J16>=9,"Xuất sắc",IF(J16>=8,"Giỏi",IF(J16>=6.5,"Khá",IF(J16>=5,"Trung bình",IF(J16>=3,"Yếu","Kém")))))) | L16: =IF(B16="","",IF(D16="","Chưa chọn nhóm",IF(ISNA(MATCH(D16,'Chấm nhóm'!$A$5:$A$29,0)),"Mã nhóm không có",IF(F16="","Chưa nhập D",IF(COUNTIF($B$7:$B$66,B16)>1,"MSSV bị trùng","OK")))))
A17: =IF(B17="","",ROW()-6) | G17: =IF(D17="","",IFERROR(INDEX('Chấm nhóm'!$V$5:$V$29,MATCH(D17,'Chấm nhóm'!$A$5:$A$29,0)),"")) | H17: =IF(D17="","",IFERROR(INDEX('Chấm nhóm'!$W$5:$W$29,MATCH(D17,'Chấm nhóm'!$A$5:$A$29,0)),"")) | I17: =IF(OR(G17="",F17=""),"",G17+F17) | J17: =IF(I17="","",ROUND(IF(H17="Có",IF($C$4="Phần nhóm",MIN(7,G17)+F17,MIN(8,I17)),I17)*4,0)/4) | K17: =IF(J17="","",IF(J17>=9,"Xuất sắc",IF(J17>=8,"Giỏi",IF(J17>=6.5,"Khá",IF(J17>=5,"Trung bình",IF(J17>=3,"Yếu","Kém")))))) | L17: =IF(B17="","",IF(D17="","Chưa chọn nhóm",IF(ISNA(MATCH(D17,'Chấm nhóm'!$A$5:$A$29,0)),"Mã nhóm không có",IF(F17="","Chưa nhập D",IF(COUNTIF($B$7:$B$66,B17)>1,"MSSV bị trùng","OK")))))
A18: =IF(B18="","",ROW()-6) | G18: =IF(D18="","",IFERROR(INDEX('Chấm nhóm'!$V$5:$V$29,MATCH(D18,'Chấm nhóm'!$A$5:$A$29,0)),"")) | H18: =IF(D18="","",IFERROR(INDEX('Chấm nhóm'!$W$5:$W$29,MATCH(D18,'Chấm nhóm'!$A$5:$A$29,0)),"")) | I18: =IF(OR(G18="",F18=""),"",G18+F18) | J18: =IF(I18="","",ROUND(IF(H18="Có",IF($C$4="Phần nhóm",MIN(7,G18)+F18,MIN(8,I18)),I18)*4,0)/4) | K18: =IF(J18="","",IF(J18>=9,"Xuất sắc",IF(J18>=8,"Giỏi",IF(J18>=6.5,"Khá",IF(J18>=5,"Trung bình",IF(J18>=3,"Yếu","Kém")))))) | L18: =IF(B18="","",IF(D18="","Chưa chọn nhóm",IF(ISNA(MATCH(D18,'Chấm nhóm'!$A$5:$A$29,0)),"Mã nhóm không có",IF(F18="","Chưa nhập D",IF(COUNTIF($B$7:$B$66,B18)>1,"MSSV bị trùng","OK")))))
... A66: =IF(B66="","",ROW()-6) | G66: =IF(D66="","",IFERROR(INDEX('Chấm nhóm'!$V$5:$V$29,MATCH(D66,'Chấm nhóm'!$A$5:$A$29,0)),"")) | H66: =IF(D66="","",IFERROR(INDEX('Chấm nhóm'!$W$5:$W$29,MATCH(D66,'Chấm nhóm'!$A$5:$A$29,0)),"")) | I66: =IF(OR(G66="",F66=""),"",G66+F66) | J66: =IF(I66="","",ROUND(IF(H66="Có",IF($C$4="Phần nhóm",MIN(7,G66)+F66,MIN(8,I66)),I66)*4,0)/4) | K66: =IF(J66="","",IF(J66>=9,"Xuất sắc",IF(J66>=8,"Giỏi",IF(J66>=6.5,"Khá",IF(J66>=5,"Trung bình",IF(J66>=3,"Yếu","Kém")))))) | L66: =IF(B66="","",IF(D66="","Chưa chọn nhóm",IF(ISNA(MATCH(D66,'Chấm nhóm'!$A$5:$A$29,0)),"Mã nhóm không có",IF(F66="","Chưa nhập D",IF(COUNTIF($B$7:$B$66,B66)>1,"MSSV bị trùng","OK")))))

Sheet Tổng hợp
A1: TỔNG HỢP ĐIỂM THI VẤN ĐÁP
A3: Chỉ số | B3: Giá trị
A4: Số sinh viên đã có điểm | B4: =COUNT('Chấm cá nhân'!$J$7:$J$66)
A5: Điểm trung bình | B5: =IF(COUNT('Chấm cá nhân'!$J$7:$J$66)=0,"",AVERAGE('Chấm cá nhân'!$J$7:$J$66))
A6: Điểm cao nhất | B6: =IF(COUNT('Chấm cá nhân'!$J$7:$J$66)=0,"",MAX('Chấm cá nhân'!$J$7:$J$66))
A7: Điểm thấp nhất | B7: =IF(COUNT('Chấm cá nhân'!$J$7:$J$66)=0,"",MIN('Chấm cá nhân'!$J$7:$J$66))
A8: Số nhóm đã chấm | B8: =COUNT('Chấm nhóm'!$V$5:$V$29)
A9: Số nhóm đã nhận câu vớt | B9: =COUNTIF('Chấm nhóm'!$W$5:$W$29,"Có")
A11: Xếp loại | B11: Số SV | C11: Tỷ lệ
A12: Xuất sắc | B12: =COUNTIF('Chấm cá nhân'!$K$7:$K$66,"Xuất sắc") | C12: =IF($B$4=0,"",B12/$B$4)
A13: Giỏi | B13: =COUNTIF('Chấm cá nhân'!$K$7:$K$66,"Giỏi") | C13: =IF($B$4=0,"",B13/$B$4)
A14: Khá | B14: =COUNTIF('Chấm cá nhân'!$K$7:$K$66,"Khá") | C14: =IF($B$4=0,"",B14/$B$4)
A15: Trung bình | B15: =COUNTIF('Chấm cá nhân'!$K$7:$K$66,"Trung bình") | C15: =IF($B$4=0,"",B15/$B$4)
A16: Yếu | B16: =COUNTIF('Chấm cá nhân'!$K$7:$K$66,"Yếu") | C16: =IF($B$4=0,"",B16/$B$4)
A17: Kém | B17: =COUNTIF('Chấm cá nhân'!$K$7:$K$66,"Kém") | C17: =IF($B$4=0,"",B17/$B$4)

Sheet Ví dụ
A1: 4 VÍ DỤ TRONG RUBRIC (cùng công thức với hai sheet chấm)
A3: Ví dụ | B3: A | C3: B | D3: C1 | E3: C2 | F3: Câu vớt | G3: Điểm vớt | H3: Vớt thay cho | I3: C sau vớt | J3: Điểm nhóm | K3: D | L3: Điểm cuối (trần: Điểm cuối) | M3: Điểm cuối (trần: Phần nhóm) | N3: Kỳ vọng (rubric)
A4: 1. Không dùng câu vớt | B4: 2.5 | C4: 1.75 | D4: 2 | E4: 1.5 | F4: Không cần | H4: =IF(F4="Đã hỏi",IF(MIN(N(D4),N(E4))<=0.5,IF(N(D4)<=N(E4),"C1","C2"),""),"") | I4: =IF(H4="C1",MAX(N(D4),N(G4)),N(D4))+IF(H4="C2",MAX(N(E4),N(G4)),N(E4)) | J4: =B4+C4+I4 | K4: 1 | L4: =ROUND(IF(F4="Đã hỏi",MIN(8,J4+K4),J4+K4)*4,0)/4 | M4: =ROUND(IF(F4="Đã hỏi",MIN(7,J4)+K4,J4+K4)*4,0)/4 | N4: 8.75
A5: 2. Dùng câu vớt, trả lời tốt | B5: 3 | C5: 2 | D5: 2 | E5: 0 | F5: Đã hỏi | G5: 2 | H5: =IF(F5="Đã hỏi",IF(MIN(N(D5),N(E5))<=0.5,IF(N(D5)<=N(E5),"C1","C2"),""),"") | I5: =IF(H5="C1",MAX(N(D5),N(G5)),N(D5))+IF(H5="C2",MAX(N(E5),N(G5)),N(E5)) | J5: =B5+C5+I5 | K5: 1 | L5: =ROUND(IF(F5="Đã hỏi",MIN(8,J5+K5),J5+K5)*4,0)/4 | M5: =ROUND(IF(F5="Đã hỏi",MIN(7,J5)+K5,J5+K5)*4,0)/4 | N5: 8
A6: 3. Nhóm từ chối câu vớt | B6: 3 | C6: 2 | D6: 2 | E6: 0.5 | F6: Nhóm từ chối | H6: =IF(F6="Đã hỏi",IF(MIN(N(D6),N(E6))<=0.5,IF(N(D6)<=N(E6),"C1","C2"),""),"") | I6: =IF(H6="C1",MAX(N(D6),N(G6)),N(D6))+IF(H6="C2",MAX(N(E6),N(G6)),N(E6)) | J6: =B6+C6+I6 | K6: 1 | L6: =ROUND(IF(F6="Đã hỏi",MIN(8,J6+K6),J6+K6)*4,0)/4 | M6: =ROUND(IF(F6="Đã hỏi",MIN(7,J6)+K6,J6+K6)*4,0)/4 | N6: 8.5
A7: 4. Dùng câu vớt, nhóm dưới trần | B7: 2 | C7: 1.5 | D7: 0.5 | E7: 1 | F7: Đã hỏi | G7: 1.5 | H7: =IF(F7="Đã hỏi",IF(MIN(N(D7),N(E7))<=0.5,IF(N(D7)<=N(E7),"C1","C2"),""),"") | I7: =IF(H7="C1",MAX(N(D7),N(G7)),N(D7))+IF(H7="C2",MAX(N(E7),N(G7)),N(E7)) | J7: =B7+C7+I7 | K7: 0.75 | L7: =ROUND(IF(F7="Đã hỏi",MIN(8,J7+K7),J7+K7)*4,0)/4 | M7: =ROUND(IF(F7="Đã hỏi",MIN(7,J7)+K7,J7+K7)*4,0)/4 | N7: 6.75
